Cycle start time,Cycle end time,Cycle timezone,Workout start time,Workout end time,Duration (min),Activity name,Activity Strain,Energy burned (cal),Max HR (bpm),Average HR (bpm),HR Zone 1 %,HR Zone 2 %,HR Zone 3 %,HR Zone 4 %,HR Zone 5 %,GPS enabled,Distance (meters),Altitude gain (meters),Altitude change (meters)
2025-06-05 01:00:36,2025-06-06 05:29:53,UTC-05:00,2025-06-05 13:04:30,2025-06-05 14:08:59,64,Running,15.9,891.0,199,160,12,18,34,27,9,false,,,
2025-06-04 01:44:46,2025-06-05 01:00:36,UTC-05:00,2025-06-04 11:49:30,2025-06-04 12:47:59,58,Running,13.3,682.0,177,149,13,41,44,1,0,false,,,
2025-05-31 04:30:21,2025-06-01 02:28:22,UTC-05:00,2025-05-31 10:45:00,2025-05-31 12:56:59,131,Running,17.8,1560.0,195,151,17,32,28,19,0,false,,,
2025-05-28 02:14:09,2025-05-29 04:49:29,UTC-05:00,2025-05-28 12:22:30,2025-05-28 13:46:29,83,Running,12.8,703.0,187,134,44,31,8,4,0,false,,,
2025-05-27 01:29:52,2025-05-28 02:14:09,UTC-05:00,2025-05-27 12:12:00,2025-05-27 13:08:59,56,Running,12.5,609.0,187,145,27,42,31,0,0,false,,,
2025-05-24 01:00:21,2025-05-25 02:16:53,UTC-05:00,2025-05-24 11:31:30,2025-05-24 14:08:59,157,Running,17.9,1728.0,192,148,28,41,21,8,1,false,,,
2025-05-22 03:35:00,2025-05-23 03:40:21,UTC-05:00,2025-05-22 12:48:00,2025-05-22 14:46:29,118,Running,15.0,1158.0,180,142,29,44,22,0,0,false,,,
2025-05-20 03:30:52,2025-05-21 04:36:57,UTC-05:00,2025-05-20 11:33:00,2025-05-20 12:35:59,62,Running,16.9,898.0,195,164,22,4,15,39,18,false,,,
2025-05-17 01:50:43,2025-05-18 02:59:30,UTC-05:00,2025-05-17 12:04:30,2025-05-17 13:37:29,92,Activity,14.4,873.0,192,140,52,17,11,13,0,false,,,
2025-05-14 23:15:51,2025-05-16 01:40:05,UTC-05:00,2025-05-15 09:21:00,2025-05-15 09:55:29,34,Activity,11.6,401.0,193,151,21,20,34,20,0,false,,,
2025-05-14 01:33:15,2025-05-14 23:15:51,UTC-05:00,2025-05-14 12:52:30,2025-05-14 13:26:59,34,Running,11.2,373.0,187,146,56,11,10,22,0,false,,,
2025-05-12 22:12:28,2025-05-14 01:33:15,UTC-05:00,2025-05-13 13:40:30,2025-05-13 15:16:29,95,Activity,13.9,873.0,189,138,49,21,14,7,0,false,,,
2025-05-10 03:31:29,2025-05-11 03:01:15,UTC-05:00,2025-05-10 15:37:30,2025-05-10 17:59:59,142,Running,16.5,1493.0,182,145,22,61,12,1,0,false,,,
2025-05-08 02:12:32,2025-05-09 01:14:27,UTC-05:00,2025-05-08 15:22:30,2025-05-08 16:38:59,76,Running,13.0,740.0,179,141,24,60,10,0,0,false,,,
2025-05-07 04:01:07,2025-05-08 02:12:32,UTC-05:00,2025-05-07 15:28:30,2025-05-07 16:31:29,62,Running,12.3,633.0,184,143,27,49,20,1,0,false,,,
2025-05-05 04:48:36,2025-05-06 03:49:03,UTC-05:00,2025-05-05 21:28:30,2025-05-05 22:38:59,70,Running,13.1,733.0,188,146,20,54,21,2,0,false,,,
2025-05-03 01:43:27,2025-05-04 01:32:55,UTC-05:00,2025-05-03 12:42:00,2025-05-03 13:59:59,77,Running,13.2,788.0,175,145,26,57,17,0,0,false,,,
2025-05-01 01:25:33,2025-05-02 03:14:15,UTC-05:00,2025-05-01 11:51:00,2025-05-01 12:17:20,26,Running,8.0,264.0,164,145,18,73,7,0,0,false,,,
2025-04-29 03:46:14,2025-04-30 12:24:01,UTC-05:00,2025-04-29 14:13:30,2025-04-29 14:56:15,42,Running,15.3,674.0,190,172,0,3,25,71,1,false,,,
2024-04-06 22:11:03,2024-04-08 01:30:05,UTC-05:00,2024-04-07 14:51:00,2024-04-07 16:26:59,95,Running,18.8,1307.0,197,162,4,16,14,23,43,false,,,
2024-04-03 00:11:31,2024-04-04 05:21:06,UTC-05:00,2024-04-03 16:01:30,2024-04-03 18:29:59,148,Running,18.2,1647.0,190,151,6,18,23,47,6,false,,,
2024-04-02 00:16:16,2024-04-03 00:11:31,UTC-05:00,2024-04-02 17:03:00,2024-04-02 18:16:11,73,Activity,11.9,636.0,164,139,13,7,79,1,0,false,,,
2024-04-01 00:52:14,2024-04-02 00:16:16,UTC-05:00,2024-04-01 16:10:30,2024-04-01 18:05:59,115,Running,14.8,1143.0,174,145,0,13,77,10,0,false,,,
2024-03-29 22:01:02,2024-03-30 23:29:31,UTC-05:00,2024-03-30 13:45:00,2024-03-30 15:20:59,95,Running,13.7,889.0,171,142,4,31,53,12,0,false,,,
2024-03-29 22:01:02,2024-03-30 23:29:31,UTC-05:00,2024-03-30 10:57:00,2024-03-30 12:50:59,113,Running,15.0,1124.0,181,145,3,16,57,23,0,false,,,
2024-03-28 23:12:08,2024-03-29 22:01:02,UTC-05:00,2024-03-29 10:13:30,2024-03-29 11:47:59,94,Running,12.9,731.0,189,135,10,35,39,11,3,false,,,
2024-03-26 22:58:58,2024-03-28 01:18:01,UTC-05:00,2024-03-27 17:22:30,2024-03-27 18:37:29,74,Running,13.8,830.0,175,150,1,3,72,24,0,false,,,
2024-03-26 22:58:58,2024-03-28 01:18:01,UTC-05:00,2024-03-27 15:33:00,2024-03-27 16:55:29,82,Running,14.1,912.0,169,150,0,0,91,9,0,false,,,
2024-03-25 00:25:43,2024-03-25 23:17:38,UTC-05:00,2024-03-25 15:01:30,2024-03-25 18:10:29,188,Running,18.2,2076.0,180,150,1,6,70,23,0,false,,,
2024-02-09 21:23:53,2024-02-11 00:25:07,UTC-06:00,2024-02-10 09:24:00,2024-02-10 10:43:29,79,Running,17.5,987.0,205,157,6,24,20,12,38,false,,,
2024-02-07 21:56:29,2024-02-09 00:19:45,UTC-06:00,2024-02-08 15:28:30,2024-02-08 16:56:59,88,Running,15.1,986.0,179,151,2,12,35,49,0,false,,,
2024-02-06 23:00:22,2024-02-07 21:56:29,UTC-06:00,2024-02-07 15:54:00,2024-02-07 16:41:59,47,Running,9.1,371.0,168,134,20,27,52,1,0,false,,,
2024-02-05 21:45:15,2024-02-06 23:00:22,UTC-06:00,2024-02-06 16:07:30,2024-02-06 18:29:59,142,Running,18.2,1613.0,193,152,3,18,31,39,9,false,,,
2023-12-11 03:15:29,2023-12-12 04:56:05,UTC-06:00,2023-12-11 16:33:00,2023-12-11 17:08:59,35,Running,12.4,454.0,194,157,0,2,29,60,8,false,,,
2023-12-05 23:22:19,2023-12-06 21:01:32,UTC-06:00,2023-12-06 15:06:00,2023-12-06 16:31:29,85,Running,17.7,1226.0,195,166,0,0,14,71,15,false,,,
2023-12-05 23:22:19,2023-12-06 21:01:32,UTC-06:00,2023-12-06 14:09:00,2023-12-06 14:29:59,20,Running,4.9,80.0,144,117,55,43,2,0,0,false,,,
2023-12-01 22:03:03,2023-12-03 00:18:39,UTC-06:00,2023-12-02 11:25:30,2023-12-02 13:17:59,112,Running,20.2,1753.0,186,172,1,4,5,43,47,false,,,
2023-11-28 21:35:18,2023-11-29 20:33:52,UTC-06:00,2023-11-29 07:54:00,2023-11-29 09:16:29,82,Running,15.6,995.0,183,155,2,7,30,58,3,false,,,
2023-11-25 02:50:17,2023-11-26 03:57:39,UTC-06:00,2023-11-25 16:21:00,2023-11-25 17:46:29,85,Running,14.3,865.0,199,145,13,8,56,22,1,false,,,
2023-11-24 00:08:32,2023-11-25 02:50:17,UTC-06:00,2023-11-24 14:07:30,2023-11-24 14:49:29,41,Running,7.9,302.0,156,131,15,37,48,0,0,false,,,
2023-11-22 23:09:52,2023-11-24 00:08:32,UTC-06:00,2023-11-23 13:55:30,2023-11-23 15:41:59,106,Running,17.9,1401.0,179,159,0,4,14,80,0,false,,,
2023-11-22 00:00:00,2023-11-22 23:09:52,UTC-06:00,2023-11-22 17:19:30,2023-11-22 17:55:29,35,Running,7.3,265.0,156,132,5,60,35,0,0,false,,,
2023-10-28 21:17:16,2023-10-29 22:23:08,UTC-05:00,2023-10-29 08:51:00,2023-10-29 10:59:59,128,Running,16.8,1392.0,180,148,4,8,46,39,0,false,,,
2023-10-27 21:24:21,2023-10-28 21:17:16,UTC-05:00,2023-10-28 09:11:34,2023-10-28 09:50:53,39,Running,7.0,243.0,170,125,16,42,35,2,0,false,,,
2023-10-24 20:49:01,2023-10-25 23:46:25,UTC-05:00,2023-10-25 06:02:24,2023-10-25 08:20:44,138,Running,18.4,1713.0,186,154,3,6,34,55,1,false,,,
2023-10-22 21:40:51,2023-10-23 20:09:05,UTC-05:00,2023-10-23 06:21:08,2023-10-23 08:00:59,99,Running,16.4,1189.0,195,151,0,12,53,30,5,false,,,
2023-10-21 19:58:34,2023-10-22 21:40:51,UTC-05:00,2023-10-22 07:18:00,2023-10-22 07:34:29,16,Activity,4.6,53.0,139,106,67,17,0,0,0,false,,,
2023-10-20 20:36:24,2023-10-21 19:58:34,UTC-05:00,2023-10-21 06:35:37,2023-10-21 07:47:30,71,Running,12.2,689.0,163,139,3,25,72,0,0,false,,,
2023-10-16 21:01:08,2023-10-17 23:36:20,UTC-05:00,2023-10-17 16:07:30,2023-10-17 18:46:29,158,Running,17.4,1624.0,188,142,11,22,48,18,1,false,,,
2023-06-19 23:29:51,2023-06-21 00:59:53,UTC-05:00,2023-06-20 14:07:49,2023-06-20 14:44:34,36,Running,14.1,506.0,194,160,3,20,12,25,40,false,,,
2023-06-18 20:57:27,2023-06-19 23:29:51,UTC-05:00,2023-06-19 08:28:48,2023-06-19 08:46:10,17,Running,8.6,216.0,176,154,1,3,37,59,0,false,,,
2023-06-17 22:36:20,2023-06-18 20:57:27,UTC-05:00,2023-06-18 07:41:14,2023-06-18 08:13:18,32,Running,13.0,452.0,189,162,1,4,15,76,4,false,,,
2023-06-12 23:37:52,2023-06-14 02:31:57,UTC-05:00,2023-06-13 17:14:35,2023-06-13 18:01:12,46,Running,14.2,631.0,188,160,1,3,20,70,6,false,,,
2023-06-09 23:51:41,2023-06-10 23:29:37,UTC-05:00,2023-06-10 16:37:35,2023-06-10 17:25:31,47,Activity,14.2,638.0,195,158,0,5,35,45,15,false,,,
2023-06-07 23:42:25,2023-06-09 01:32:34,UTC-05:00,2023-06-08 13:12:00,2023-06-08 13:59:59,47,Running,14.9,667.0,196,161,4,5,24,43,24,false,,,
2023-06-07 23:42:25,2023-06-09 01:32:34,UTC-05:00,2023-06-08 11:58:30,2023-06-08 12:59:59,61,Running,16.8,797.0,197,156,12,12,6,16,48,false,,,
2023-06-06 22:23:04,2023-06-07 23:42:25,UTC-05:00,2023-06-07 14:16:30,2023-06-07 15:07:29,50,Running,12.7,578.0,170,149,3,8,65,24,0,false,,,
2023-06-04 22:54:10,2023-06-05 22:39:51,UTC-05:00,2023-06-05 14:30:20,2023-06-05 16:07:05,96,Running,17.5,1226.0,183,155,6,12,12,68,1,false,,,
2023-06-02 01:22:10,2023-06-02 23:54:49,UTC-05:00,2023-06-02 13:16:16,2023-06-02 15:00:17,104,Running,18.8,1435.0,186,161,8,7,8,71,6,false,,,
2023-05-30 23:32:56,2023-05-31 23:22:24,UTC-05:00,2023-05-31 12:36:15,2023-05-31 13:36:15,60,Weightlifting,5.0,140.0,149,95,15,18,0,0,0,false,,,
2023-05-28 21:56:06,2023-05-30 00:23:40,UTC-05:00,2023-05-29 14:43:50,2023-05-29 15:28:18,44,Running,14.5,539.0,203,153,17,18,3,22,38,false,,,
2023-05-24 19:37:28,2023-05-25 20:22:42,UTC-05:00,2023-05-25 13:00:24,2023-05-25 15:01:49,121,Running,18.7,1663.0,181,160,0,2,30,68,0,false,,,
2023-05-22 23:15:34,2023-05-23 22:53:59,UTC-05:00,2023-05-23 14:01:43,2023-05-23 15:25:50,84,Running,17.8,1224.0,183,165,0,1,13,85,1,false,,,
2023-05-22 00:05:02,2023-05-22 23:15:34,UTC-05:00,2023-05-22 13:54:07,2023-05-22 15:19:41,85,Running,16.9,1160.0,176,158,0,4,17,79,0,false,,,
2023-05-19 00:41:53,2023-05-20 00:40:29,UTC-05:00,2023-05-19 13:54:45,2023-05-19 15:10:09,75,Running,19.6,1306.0,193,178,0,1,5,21,73,false,,,
2023-05-16 23:51:41,2023-05-17 22:28:07,UTC-05:00,2023-05-17 14:30:57,2023-05-17 15:10:23,39,Running,14.8,596.0,193,167,0,3,17,57,23,false,,,
2023-05-09 22:01:20,2023-05-10 23:51:21,UTC-05:00,2023-05-10 19:09:23,2023-05-10 19:49:48,40,Running,14.3,586.0,185,165,0,5,15,69,11,false,,,
2023-05-08 22:28:42,2023-05-09 22:01:20,UTC-05:00,2023-05-09 20:01:09,2023-05-09 20:24:48,23,Running,8.8,269.0,167,152,1,1,77,21,0,false,,,
2023-05-06 23:23:53,2023-05-07 21:57:25,UTC-05:00,2023-05-07 09:50:59,2023-05-07 11:16:05,85,Running,15.9,916.0,190,146,14,6,39,24,13,false,,,
2023-05-05 23:08:28,2023-05-06 23:23:53,UTC-05:00,2023-05-06 12:21:46,2023-05-06 12:52:11,30,Running,13.7,465.0,186,169,2,2,1,72,23,false,,,
2023-05-03 21:56:03,2023-05-04 23:55:42,UTC-05:00,2023-05-04 16:28:38,2023-05-04 17:41:54,73,Running,14.4,870.0,172,152,0,0,82,18,0,false,,,
2023-05-02 22:34:53,2023-05-03 21:56:03,UTC-05:00,2023-05-03 17:23:26,2023-05-03 18:31:35,68,Running,14.3,821.0,172,152,0,3,67,30,0,false,,,
2023-05-02 22:34:53,2023-05-03 21:56:03,UTC-05:00,2023-05-03 12:05:51,2023-05-03 12:23:46,17,Running,8.4,217.0,173,152,1,2,52,44,0,false,,,
2023-05-01 00:53:52,2023-05-01 22:28:10,UTC-05:00,2023-05-01 14:44:11,2023-05-01 15:48:41,64,Running,17.2,980.0,187,168,0,1,10,73,16,false,,,
2023-04-24 22:37:44,2023-04-25 23:02:45,UTC-05:00,2023-04-25 13:39:29,2023-04-25 14:57:35,78,Running,15.5,983.0,176,156,0,3,44,53,0,false,,,
2023-04-22 22:15:31,2023-04-23 23:51:04,UTC-05:00,2023-04-23 15:43:22,2023-04-23 16:29:24,46,Running,13.6,612.0,179,160,0,0,28,72,0,false,,,
2023-04-20 22:15:31,2023-04-21 22:51:12,UTC-05:00,2023-04-21 11:48:37,2023-04-21 12:42:58,54,Running,17.3,881.0,196,173,0,2,7,53,38,false,,,
2023-04-17 21:57:20,2023-04-18 22:18:58,UTC-05:00,2023-04-18 12:37:46,2023-04-18 13:18:20,40,Running,15.1,621.0,196,169,0,1,12,52,35,false,,,
2023-04-15 16:22:06,2023-04-16 23:30:58,UTC-05:00,2023-04-16 09:28:00,2023-04-16 12:32:55,184,Running,18.2,1996.0,182,148,4,7,66,23,0,false,,,
2023-04-13 19:25:44,2023-04-14 21:32:33,UTC-05:00,2023-04-14 11:21:14,2023-04-14 12:43:15,82,Running,14.9,974.0,172,153,0,2,69,29,0,false,,,
2023-04-12 22:05:16,2023-04-13 19:25:44,UTC-05:00,2023-04-13 12:00:38,2023-04-13 13:19:31,78,Running,15.6,1004.0,172,156,0,1,46,53,0,false,,,
2023-04-10 21:45:23,2023-04-11 21:02:19,UTC-05:00,2023-04-11 11:33:41,2023-04-11 12:56:26,82,Running,18.2,1234.0,186,168,0,3,11,74,12,false,,,
2023-04-07 22:25:49,2023-04-08 16:42:21,UTC-05:00,2023-04-08 13:33:35,2023-04-08 14:24:34,50,Running,16.4,773.0,195,169,0,1,33,25,41,false,,,
2023-04-06 19:32:09,2023-04-07 22:25:49,UTC-05:00,2023-04-07 14:02:24,2023-04-07 14:41:05,38,Running,11.4,445.0,172,150,1,7,74,18,0,false,,,
2023-04-05 23:19:36,2023-04-06 19:32:09,UTC-05:00,2023-04-06 14:03:39,2023-04-06 14:59:57,56,Running,15.5,797.0,183,163,1,1,13,82,3,false,,,
2023-04-02 23:17:31,2023-04-03 21:31:56,UTC-05:00,2023-04-03 13:23:25,2023-04-03 14:29:46,66,Running,17.9,944.0,198,164,12,13,7,14,54,false,,,
2023-03-30 23:11:46,2023-03-31 21:52:51,UTC-05:00,2023-03-31 18:51:32,2023-03-31 19:15:13,23,Running,11.7,328.0,181,163,4,3,6,80,7,false,,,
2023-03-28 21:55:58,2023-03-29 17:49:43,UTC-05:00,2023-03-29 14:01:20,2023-03-29 14:38:40,37,Running,12.9,490.0,189,158,0,6,14,74,6,false,,,
2023-03-26 21:52:33,2023-03-27 17:41:16,UTC-05:00,2023-03-27 14:26:41,2023-03-27 15:38:06,71,Running,14.2,816.0,177,150,2,5,56,34,0,false,,,
2023-03-25 20:08:34,2023-03-26 21:52:33,UTC-05:00,2023-03-26 09:45:50,2023-03-26 12:00:31,134,Running,20.1,1941.0,184,164,0,7,20,59,14,false,,,
2023-03-23 22:00:34,2023-03-24 21:23:28,UTC-05:00,2023-03-24 17:57:24,2023-03-24 18:22:09,24,Running,9.8,302.0,170,154,1,2,61,36,0,false,,,
2023-03-23 22:00:34,2023-03-24 21:23:28,UTC-05:00,2023-03-24 11:20:38,2023-03-24 12:41:13,80,Running,13.2,783.0,164,139,2,7,80,5,0,false,,,
2023-03-21 21:46:55,2023-03-22 22:05:49,UTC-05:00,2023-03-22 10:22:16,2023-03-22 11:32:21,70,Running,15.8,941.0,180,160,0,4,18,78,0,false,,,
2023-03-20 21:19:00,2023-03-21 21:46:55,UTC-05:00,2023-03-21 13:42:01,2023-03-21 14:37:24,55,Running,16.7,846.0,196,169,0,4,10,57,29,false,,,
2023-03-20 21:19:00,2023-03-21 21:46:55,UTC-05:00,2023-03-21 09:52:39,2023-03-21 10:30:33,37,Running,11.4,398.0,175,145,9,20,16,53,0,false,,,
2023-03-19 23:17:21,2023-03-20 21:19:00,UTC-05:00,2023-03-20 12:56:01,2023-03-20 13:50:10,54,Running,13.2,642.0,176,152,3,1,69,27,0,false,,,
2023-03-18 21:50:29,2023-03-19 23:17:21,UTC-05:00,2023-03-19 14:08:29,2023-03-19 15:20:33,72,Running,14.4,862.0,175,153,0,2,71,27,0,false,,,
2023-03-16 16:14:46,2023-03-17 16:11:41,UTC-05:00,2023-03-17 12:32:08,2023-03-17 13:30:24,58,Running,16.5,864.0,190,166,0,2,17,52,29,false,,,
2023-03-14 20:32:24,2023-03-15 21:56:35,UTC-05:00,2023-03-15 15:00:50,2023-03-15 17:52:22,171,Running,14.8,887.0,181,106,9,3,8,20,0,true,8336.74,243.52,0.10
2023-03-13 22:33:28,2023-03-14 20:32:24,UTC-05:00,2023-03-14 14:11:17,2023-03-14 15:13:09,61,Running,14.2,769.0,171,155,1,2,47,50,0,true,9768.85,414.73,-6.48
2023-03-11 22:17:27,2023-03-12 23:09:57,UTC-05:00,2023-03-12 10:55:40,2023-03-12 13:14:53,139,Running,18.7,1827.0,182,158,0,1,33,66,0,false,,,
2023-03-10 20:43:32,2023-03-11 21:17:27,UTC-06:00,2023-03-11 15:40:22,2023-03-11 16:00:23,20,Running,12.3,307.0,187,168,0,2,5,41,49,true,3894.68,75.03,7.78
2023-03-09 23:12:41,2023-03-10 20:43:32,UTC-06:00,2023-03-10 13:59:41,2023-03-10 14:56:46,57,Running,15.6,794.0,180,162,0,1,6,88,0,true,9706.66,264.63,7.96
2023-03-08 22:41:05,2023-03-09 23:12:41,UTC-06:00,2023-03-09 14:30:14,2023-03-09 14:52:18,22,Running,11.7,318.0,194,165,1,2,15,59,23,false,,,
2023-03-07 22:20:47,2023-03-08 22:41:05,UTC-06:00,2023-03-08 11:35:30,2023-03-08 12:33:27,57,Running,15.3,794.0,177,161,1,0,13,85,0,true,,,
2023-03-06 22:27:13,2023-03-07 22:20:47,UTC-06:00,2023-03-07 12:47:35,2023-03-07 13:09:20,21,Running,9.5,261.0,193,153,1,1,36,48,8,true,4028.07,100.63,13.89
2023-03-04 22:25:21,2023-03-05 22:11:15,UTC-06:00,2023-03-05 11:02:51,2023-03-05 11:40:30,37,Running,12.5,464.0,183,154,6,2,22,67,1,true,5499.61,213.29,-0.75
2023-03-02 21:52:35,2023-03-03 22:35:52,UTC-06:00,2023-03-03 17:30:07,2023-03-03 17:55:58,25,Running,9.8,276.0,173,145,14,5,11,63,0,true,4030.91,104.78,8.00
2023-02-28 21:33:53,2023-03-01 20:48:36,UTC-06:00,2023-03-01 17:58:15,2023-03-01 18:47:41,49,Running,11.0,455.0,173,139,14,12,57,16,0,true,6127.12,187.54,-6.63
2023-02-27 21:06:30,2023-02-28 21:33:53,UTC-06:00,2023-02-28 09:58:26,2023-02-28 11:08:29,70,Running,12.8,720.0,169,144,0,7,90,3,0,false,,,
2023-02-25 21:35:39,2023-02-26 21:30:33,UTC-06:00,2023-02-26 13:29:12,2023-02-26 14:37:41,68,Running,13.9,777.0,179,151,5,4,58,33,0,false,,,
2023-02-25 21:35:39,2023-02-26 21:30:33,UTC-06:00,2023-02-26 09:25:43,2023-02-26 10:27:50,62,Running,15.6,853.0,186,162,0,2,21,68,9,false,,,
2023-02-23 23:13:23,2023-02-24 23:11:45,UTC-06:00,2023-02-24 17:55:24,2023-02-24 18:22:46,27,Running,5.1,105.0,149,111,40,37,7,0,0,true,2139.85,78.16,-15.60
2023-02-23 23:13:23,2023-02-24 23:11:45,UTC-06:00,2023-02-24 14:06:43,2023-02-24 15:07:05,60,Running,13.9,739.0,175,155,0,2,47,51,0,false,,,
2023-02-21 23:09:41,2023-02-22 21:34:48,UTC-06:00,2023-02-22 12:55:56,2023-02-22 13:35:26,39,Running,15.2,602.0,191,169,2,4,14,29,51,true,7311.42,187.60,0.00
2023-02-20 22:09:49,2023-02-21 23:09:41,UTC-06:00,2023-02-21 19:24:53,2023-02-21 19:58:31,33,Running,8.0,297.0,157,139,0,21,78,0,0,true,3958.62,131.76,5.80
2023-02-20 22:09:49,2023-02-21 23:09:41,UTC-06:00,2023-02-21 12:45:08,2023-02-21 13:50:04,64,Running,11.9,635.0,160,144,0,4,95,0,0,true,8928.39,342.09,11.22
2023-02-19 22:12:09,2023-02-20 22:09:49,UTC-06:00,2023-02-20 11:37:41,2023-02-20 12:35:38,57,Running,13.0,653.0,171,150,1,0,71,25,0,true,8843.96,249.09,0.20
2023-02-17 23:34:55,2023-02-18 22:16:22,UTC-06:00,2023-02-18 14:19:00,2023-02-18 15:10:00,51,Running,13.7,625.0,184,154,4,2,25,64,1,true,,,
2023-02-16 21:31:20,2023-02-17 23:34:55,UTC-06:00,2023-02-17 16:31:34,2023-02-17 17:28:52,57,Running,12.5,605.0,169,146,2,10,69,17,0,true,7445.55,269.68,2.17
2023-02-15 22:17:24,2023-02-16 21:31:20,UTC-06:00,2023-02-16 12:56:28,2023-02-16 13:36:20,39,Running,13.2,530.0,191,158,1,1,43,49,6,true,7220.52,138.52,-2.85
2023-02-14 21:32:53,2023-02-15 22:17:24,UTC-06:00,2023-02-15 18:31:23,2023-02-15 19:34:27,63,Running,14.5,793.0,184,154,0,2,60,37,0,true,9039.56,315.91,-4.12
2023-02-13 23:11:12,2023-02-14 21:32:53,UTC-06:00,2023-02-14 10:08:54,2023-02-14 10:55:23,46,Running,13.1,574.0,175,153,1,2,46,49,0,true,6683.60,260.97,-1.10
2023-02-12 16:53:50,2023-02-13 23:11:12,UTC-06:00,2023-02-13 13:23:58,2023-02-13 13:58:47,34,Running,12.7,457.0,194,157,0,1,29,60,7,true,5462.82,139.92,1.84
2023-02-12 00:00:00,2023-02-12 16:53:50,UTC-06:00,2023-02-12 12:51:30,2023-02-12 13:22:51,31,Running,13.9,472.0,197,167,0,1,9,67,20,true,5223.45,176.88,-4.17
2023-02-04 22:38:16,2023-02-05 22:51:19,UTC-06:00,2023-02-05 10:53:32,2023-02-05 11:52:19,58,Running,14.7,748.0,187,157,0,2,26,61,7,true,,,
2023-02-01 21:57:03,2023-02-02 22:11:05,UTC-06:00,2023-02-02 14:15:46,2023-02-02 15:08:12,52,Running,13.8,654.0,177,155,2,5,20,72,0,true,8358.60,239.64,-6.07
2023-01-28 18:21:33,2023-01-29 17:44:56,UTC-06:00,2023-01-29 08:17:00,2023-01-29 09:59:00,102,Running,15.9,1109.0,184,147,7,4,45,40,0,false,,,
2023-01-26 21:51:18,2023-01-27 23:02:09,UTC-06:00,2023-01-27 19:14:53,2023-01-27 20:27:06,72,Activity,13.9,706.0,178,158,0,1,24,53,0,false,,,
2023-01-25 21:51:24,2023-01-26 21:51:18,UTC-06:00,2023-01-26 12:23:40,2023-01-26 13:24:03,60,Running,14.0,753.0,172,156,0,0,53,47,0,false,,,
2023-01-24 21:56:10,2023-01-25 21:51:24,UTC-06:00,2023-01-25 19:27:13,2023-01-25 19:52:30,25,Running,10.3,316.0,181,157,0,3,31,66,0,false,,,
2023-01-24 21:56:10,2023-01-25 21:51:24,UTC-06:00,2023-01-25 07:19:30,2023-01-25 07:43:19,23,Running,10.3,300.0,179,157,1,10,16,73,0,false,,,
2023-01-22 21:59:59,2023-01-23 22:36:04,UTC-06:00,2023-01-23 08:02:15,2023-01-23 09:05:09,62,Running,12.7,669.0,175,148,0,6,78,16,0,false,,,
2023-01-21 21:24:10,2023-01-22 21:59:59,UTC-06:00,2023-01-22 15:38:02,2023-01-22 16:02:10,24,Running,9.1,277.0,170,152,0,4,58,38,0,false,,,
2023-01-18 17:37:07,2023-01-19 22:14:28,UTC-06:00,2023-01-19 08:05:17,2023-01-19 10:08:09,122,Running,19.8,1799.0,188,167,0,2,16,54,28,false,,,
2023-01-17 22:07:20,2023-01-18 17:37:07,UTC-06:00,2023-01-18 08:39:31,2023-01-18 09:53:07,73,Running,12.4,679.0,165,140,1,12,78,3,0,false,,,
2023-01-16 22:22:05,2023-01-17 22:07:20,UTC-06:00,2023-01-17 13:51:11,2023-01-17 15:00:21,69,Running,13.2,722.0,175,146,2,6,77,13,0,false,,,
2023-01-15 22:04:07,2023-01-16 22:22:05,UTC-06:00,2023-01-16 12:28:00,2023-01-16 13:00:00,32,Meditation,0.0,40.0,97,74,0,0,0,0,0,false,,,
2023-01-15 22:04:07,2023-01-16 22:22:05,UTC-06:00,2023-01-16 08:24:55,2023-01-16 09:48:51,83,Running,13.2,766.0,173,141,7,29,49,14,0,false,,,
2023-01-14 22:42:46,2023-01-15 22:04:07,UTC-06:00,2023-01-15 14:25:00,2023-01-15 15:50:00,85,Walking,6.5,231.0,153,108,72,18,1,0,0,false,,,
2023-01-14 22:42:46,2023-01-15 22:04:07,UTC-06:00,2023-01-15 09:00:00,2023-01-15 11:53:00,173,Stretching,5.6,303.0,134,91,31,7,0,0,0,false,,,
2023-01-13 21:06:44,2023-01-14 22:42:46,UTC-06:00,2023-01-14 14:23:04,2023-01-14 14:23:14,0,Meditation,0.0,0.0,89,88,0,0,0,0,0,false,,,
2023-01-13 21:06:44,2023-01-14 22:42:46,UTC-06:00,2023-01-14 13:11:51,2023-01-14 13:17:04,5,Meditation,0.0,6.0,97,70,0,0,0,0,0,false,,,
2023-01-13 21:06:44,2023-01-14 22:42:46,UTC-06:00,2023-01-14 08:20:00,2023-01-14 09:00:00,40,Ice Bath,5.3,133.0,140,107,44,32,0,0,0,false,,,
2023-01-13 21:06:44,2023-01-14 22:42:46,UTC-06:00,2023-01-14 05:20:00,2023-01-14 06:43:00,83,Running,9.2,461.0,161,119,21,39,27,0,0,false,,,
2023-01-12 22:03:04,2023-01-13 21:06:44,UTC-06:00,2023-01-13 10:47:39,2023-01-13 12:08:44,81,Activity,13.7,707.0,178,156,0,1,27,44,0,false,,,
2023-01-11 21:27:31,2023-01-12 22:03:04,UTC-06:00,2023-01-12 08:15:51,2023-01-12 08:41:30,25,Manual Labor,10.1,314.0,180,155,0,6,54,40,0,false,,,
2023-01-09 21:18:19,2023-01-10 22:03:31,UTC-06:00,2023-01-10 13:29:59,2023-01-10 14:27:10,57,Activity,12.1,577.0,166,149,0,4,85,4,0,false,,,
2023-01-08 21:31:26,2023-01-09 21:18:19,UTC-06:00,2023-01-09 12:03:20,2023-01-09 12:49:01,45,Running,12.9,562.0,183,156,0,1,46,52,1,false,,,
2023-01-07 21:20:59,2023-01-08 21:31:26,UTC-06:00,2023-01-08 18:50:00,2023-01-08 19:40:00,50,Meditation,0.0,62.0,97,69,0,0,0,0,0,false,,,
2023-01-07 21:20:59,2023-01-08 21:31:26,UTC-06:00,2023-01-08 15:04:12,2023-01-08 15:53:26,49,Running,13.1,603.0,184,157,0,0,47,51,2,false,,,
2023-01-07 21:20:59,2023-01-08 21:31:26,UTC-06:00,2023-01-08 07:40:00,2023-01-08 08:30:00,50,Meditation,0.0,62.0,108,66,5,0,0,0,0,false,,,
2023-01-03 22:22:54,2023-01-04 21:22:43,UTC-06:00,2023-01-04 13:40:16,2023-01-04 15:31:29,111,Running,16.3,1288.0,172,150,0,6,72,22,0,true,,,
2022-12-29 21:38:21,2022-12-30 20:24:41,UTC-06:00,2022-12-30 17:52:07,2022-12-30 19:06:14,74,Running,13.1,684.0,175,139,12,6,52,21,0,true,7184.93,175.56,-8.70
2022-12-27 22:29:27,2022-12-28 21:57:30,UTC-06:00,2022-12-28 12:26:34,2022-12-28 13:01:08,34,Running,11.7,428.0,195,154,3,2,38,56,1,true,5651.88,170.98,-8.12
2022-12-26 21:43:04,2022-12-27 22:29:27,UTC-06:00,2022-12-27 12:58:35,2022-12-27 13:47:58,49,Running,14.8,671.0,185,160,4,7,16,61,12,false,,,
2022-12-24 21:23:59,2022-12-25 22:07:03,UTC-06:00,2022-12-25 09:15:58,2022-12-25 10:19:09,63,Running,14.0,719.0,185,149,2,21,44,28,5,false,,,
2022-12-22 21:32:45,2022-12-23 22:18:19,UTC-06:00,2022-12-23 15:23:24,2022-12-23 15:40:29,17,Running,9.5,233.0,178,161,2,2,16,80,0,false,,,
2022-12-18 22:05:10,2022-12-19 23:55:23,UTC-06:00,2022-12-19 15:52:42,2022-12-19 17:04:12,71,Running,14.8,851.0,177,151,6,10,27,57,0,false,,,
2022-12-16 21:20:38,2022-12-17 22:03:18,UTC-06:00,2022-12-17 12:32:06,2022-12-17 12:51:10,19,Running,8.7,234.0,177,154,1,0,57,42,0,false,,,
2022-12-14 22:32:54,2022-12-15 23:00:25,UTC-06:00,2022-12-15 10:41:33,2022-12-15 11:17:01,35,Running,11.9,442.0,178,155,0,4,42,54,0,false,,,
2022-12-12 21:37:52,2022-12-13 23:37:12,UTC-06:00,2022-12-13 16:57:49,2022-12-13 17:20:49,23,Running,10.6,308.0,180,159,1,0,27,72,0,false,,,
2022-12-10 21:29:48,2022-12-11 21:58:41,UTC-06:00,2022-12-11 08:47:49,2022-12-11 09:09:10,21,Functional Fitness,5.4,116.0,149,120,31,55,13,0,0,false,,,
2022-12-10 21:29:48,2022-12-11 21:58:41,UTC-06:00,2022-12-11 08:05:28,2022-12-11 08:47:37,42,Running,12.9,517.0,191,154,3,10,30,51,6,true,6111.60,213.59,8.27
2022-12-07 21:27:03,2022-12-08 21:14:38,UTC-06:00,2022-12-08 08:24:00,2022-12-08 09:24:00,60,Functional Fitness,8.1,334.0,155,116,24,41,16,0,0,false,,,
2022-12-06 21:06:01,2022-12-07 21:27:03,UTC-06:00,2022-12-07 08:30:06,2022-12-07 09:09:33,39,Running,10.2,348.0,177,133,32,17,21,28,0,true,2730.51,106.04,-1.94
2022-12-06 21:06:01,2022-12-07 21:27:03,UTC-06:00,2022-12-07 07:29:00,2022-12-07 08:29:00,60,Functional Fitness,7.9,311.0,158,113,22,29,17,0,0,false,,,
2022-12-02 21:28:08,2022-12-03 22:29:42,UTC-06:00,2022-12-03 17:25:07,2022-12-03 18:36:27,71,Running,15.3,914.0,190,154,0,4,43,52,1,false,,,
2022-11-29 22:09:25,2022-11-30 22:05:01,UTC-06:00,2022-11-30 07:23:12,2022-11-30 08:19:09,55,Functional Fitness,9.3,377.0,158,122,21,28,36,0,0,false,,,
2022-11-26 21:50:46,2022-11-27 21:42:39,UTC-06:00,2022-11-27 09:17:00,2022-11-27 10:09:00,52,Running,8.7,300.0,166,110,11,9,30,5,0,false,,,
2022-11-25 21:47:19,2022-11-26 21:50:46,UTC-06:00,2022-11-26 14:44:00,2022-11-26 15:22:00,38,Functional Fitness,9.7,379.0,168,140,4,24,69,3,0,false,,,
2022-11-25 21:47:19,2022-11-26 21:50:46,UTC-06:00,2022-11-26 08:17:00,2022-11-26 08:54:00,37,Running,11.4,428.0,181,148,2,17,55,26,0,false,,,
2022-11-23 21:37:07,2022-11-24 21:38:08,UTC-06:00,2022-11-24 09:59:00,2022-11-24 11:00:00,61,Running,13.8,699.0,200,149,5,10,51,32,2,false,,,
2022-11-22 22:21:42,2022-11-23 21:37:07,UTC-06:00,2022-11-23 06:49:05,2022-11-23 08:26:23,97,Running,16.3,925.0,199,138,29,9,15,22,16,true,7320.77,239.42,7.26
2022-11-20 22:17:46,2022-11-21 21:46:05,UTC-06:00,2022-11-21 07:23:25,2022-11-21 08:59:07,95,Running,16.4,1049.0,188,146,21,9,14,54,1,true,10107.17,337.25,5.57
2022-11-18 21:41:34,2022-11-19 22:51:49,UTC-06:00,2022-11-19 12:54:42,2022-11-19 14:01:47,67,Activity,15.1,816.0,189,153,0,29,22,42,7,false,,,
2022-11-15 20:46:06,2022-11-17 03:22:16,UTC-06:00,2022-11-16 18:56:02,2022-11-16 20:13:54,77,Activity,14.1,805.0,181,146,10,17,35,38,0,false,,,
2022-11-13 21:36:29,2022-11-14 22:12:06,UTC-06:00,2022-11-14 08:35:37,2022-11-14 08:57:15,21,Activity,10.6,270.0,189,154,7,23,15,33,22,false,,,
2022-11-08 21:47:56,2022-11-09 22:41:20,UTC-05:00,2022-11-09 10:45:17,2022-11-09 11:16:57,31,Activity,13.0,406.0,200,156,2,25,26,13,34,false,,,
2022-11-06 02:28:39,2022-11-07 00:52:06,UTC-05:00,2022-11-06 11:22:21,2022-11-06 12:28:11,65,Running,16.0,838.0,187,153,6,27,11,43,13,false,,,
2022-11-03 02:10:29,2022-11-03 23:26:47,UTC-05:00,2022-11-03 19:14:41,2022-11-03 19:49:52,35,Running,12.3,440.0,180,151,9,4,35,52,0,false,,,
2022-10-30 02:44:19,2022-10-31 02:32:23,UTC-05:00,2022-10-30 14:39:37,2022-10-30 16:41:08,121,Running,19.1,1665.0,181,159,2,7,23,68,0,false,,,
2022-10-29 00:13:45,2022-10-30 02:44:19,UTC-05:00,2022-10-29 19:47:45,2022-10-29 20:40:35,52,Running,13.3,646.0,176,153,0,4,61,35,0,false,,,
2022-10-26 20:51:19,2022-10-28 07:11:53,UTC-05:00,2022-10-27 19:30:15,2022-10-27 20:14:37,44,Running,13.7,566.0,188,153,5,10,39,35,10,false,,,
2022-10-23 01:34:33,2022-10-24 00:30:41,UTC-05:00,2022-10-23 14:01:32,2022-10-23 14:55:08,53,Running,16.4,766.0,202,161,7,12,15,24,42,false,,,
2022-10-21 22:03:59,2022-10-23 01:34:33,UTC-05:00,2022-10-22 17:57:40,2022-10-22 18:18:54,21,Running,12.9,337.0,192,170,0,2,18,26,54,false,,,
2022-10-17 00:01:48,2022-10-17 23:22:29,UTC-05:00,2022-10-17 11:04:40,2022-10-17 13:02:17,117,Running,17.1,1401.0,178,152,2,8,49,41,0,false,,,
2022-10-16 00:39:22,2022-10-17 00:01:48,UTC-05:00,2022-10-16 11:01:32,2022-10-16 11:43:58,42,Running,15.2,606.0,191,163,6,13,11,17,53,false,,,
2022-10-12 23:01:34,2022-10-14 00:56:00,UTC-05:00,2022-10-13 21:51:41,2022-10-13 22:22:52,31,Running,13.8,475.0,186,168,0,2,13,58,27,false,,,
2022-07-03 02:23:24,2022-07-04 01:45:53,UTC-05:00,2022-07-03 21:56:56,2022-07-03 22:40:36,43,Running,13.7,598.0,184,161,0,0,15,84,1,false,,,
2022-06-27 01:31:58,2022-06-28 00:21:50,UTC-05:00,2022-06-27 22:36:34,2022-06-27 23:09:22,32,Running,13.8,499.0,190,169,0,1,2,83,14,false,,,
2022-06-20 01:13:22,2022-06-21 02:51:02,UTC-05:00,2022-06-20 23:44:10,2022-06-21 00:11:05,26,Running,10.7,344.0,173,155,0,0,54,46,0,false,,,
2022-06-18 03:01:10,2022-06-19 02:15:14,UTC-05:00,2022-06-18 21:24:02,2022-06-18 22:26:28,62,Running,15.1,792.0,186,155,1,15,25,53,6,false,,,
2022-06-15 01:18:53,2022-06-16 01:38:29,UTC-05:00,2022-06-15 19:41:44,2022-06-15 21:03:42,81,Running,18.8,1237.0,191,170,2,1,11,34,49,false,,,
2022-06-12 05:03:55,2022-06-13 03:09:29,UTC-05:00,2022-06-12 23:47:17,2022-06-13 00:42:29,55,Running,15.4,745.0,186,163,0,3,26,47,21,false,,,
2022-06-10 23:11:19,2022-06-12 05:03:55,UTC-05:00,2022-06-12 03:31:12,2022-06-12 03:42:54,11,Functional Fitness,4.1,26.0,149,74,1,6,8,0,0,false,,,
2022-06-10 23:11:19,2022-06-12 05:03:55,UTC-05:00,2022-06-12 02:34:42,2022-06-12 03:30:59,56,Running,11.5,531.0,164,142,4,6,83,2,0,true,6783.61,315.90,-3.20
2022-06-10 02:29:04,2022-06-10 23:11:19,UTC-05:00,2022-06-10 21:53:19,2022-06-10 22:06:12,12,Functional Fitness,1.8,17.0,129,81,10,1,0,0,0,false,,,
2022-06-10 02:29:04,2022-06-10 23:11:19,UTC-05:00,2022-06-10 20:58:48,2022-06-10 21:53:05,54,Running,14.0,664.0,173,157,1,0,23,71,0,true,6872.39,286.70,-6.40
2022-06-08 01:15:22,2022-06-09 00:11:30,UTC-05:00,2022-06-08 22:43:37,2022-06-08 23:06:45,23,Walking,4.4,51.0,129,104,72,7,0,0,0,true,1553.58,87.50,-5.20
2022-06-08 01:15:22,2022-06-09 00:11:30,UTC-05:00,2022-06-08 17:09:00,2022-06-08 17:52:33,43,Running,14.4,610.0,178,165,0,4,5,89,0,false,,,
2022-06-06 22:30:36,2022-06-08 01:15:22,UTC-05:00,2022-06-07 18:44:00,2022-06-07 19:24:00,40,Running,12.4,362.0,190,137,25,4,5,30,19,false,,,
2022-06-05 23:35:10,2022-06-06 22:30:36,UTC-05:00,2022-06-06 20:11:27,2022-06-06 20:50:56,39,Walking,4.8,92.0,133,100,55,10,0,0,0,true,3.79,0.00,0.00
2022-06-05 23:35:10,2022-06-06 22:30:36,UTC-05:00,2022-06-06 17:15:34,2022-06-06 17:23:18,7,Functional Fitness,4.2,30.0,130,110,60,27,0,0,0,false,,,
2022-06-05 23:35:10,2022-06-06 22:30:36,UTC-05:00,2022-06-06 15:59:53,2022-06-06 17:15:18,75,Running,18.7,1158.0,188,174,1,1,1,44,48,true,8739.93,11.50,-0.40
2022-06-05 01:30:10,2022-06-05 23:35:10,UTC-05:00,2022-06-05 16:24:00,2022-06-05 16:55:56,31,Running,9.7,271.0,180,136,32,9,18,35,0,true,4117.15,94.60,0.00
2022-06-03 23:22:45,2022-06-05 01:30:10,UTC-05:00,2022-06-04 18:11:00,2022-06-04 19:00:00,49,Walking,4.9,115.0,133,96,33,12,0,0,0,true,2869.62,153.70,2.70
2022-06-03 23:22:45,2022-06-05 01:30:10,UTC-05:00,2022-06-04 14:24:13,2022-06-04 14:54:54,30,Walking,6.0,180.0,153,122,20,75,2,0,0,true,3228.98,176.30,-16.60
2022-06-03 23:22:45,2022-06-05 01:30:10,UTC-05:00,2022-06-04 13:12:43,2022-06-04 14:23:59,71,Weightlifting,5.8,196.0,137,101,45,18,0,0,0,false,,,
2022-06-03 23:22:45,2022-06-05 01:30:10,UTC-05:00,2022-06-04 12:35:32,2022-06-04 13:12:29,36,Walking,5.7,157.0,138,113,61,33,0,0,0,true,3233.34,224.10,4.20
2022-06-03 00:34:44,2022-06-03 23:22:45,UTC-05:00,2022-06-03 15:59:00,2022-06-03 17:00:00,61,Functional Fitness,6.0,200.0,154,105,30,17,9,0,0,false,,,
2022-06-03 00:34:44,2022-06-03 23:22:45,UTC-05:00,2022-06-03 15:13:38,2022-06-03 15:58:36,44,Running,17.3,739.0,200,178,0,6,5,10,77,true,7644.99,251.70,-9.60
2022-06-03 00:34:44,2022-06-03 23:22:45,UTC-05:00,2022-06-03 09:02:57,2022-06-03 09:33:25,30,Meditation,,38.0,95,65,0,0,0,0,0,false,,,
2022-06-01 00:27:39,2022-06-02 01:24:10,UTC-05:00,2022-06-01 20:11:58,2022-06-01 21:27:47,75,Running,14.4,779.0,197,143,12,24,19,40,4,true,9738.15,420.60,0.40
2022-05-30 23:32:04,2022-06-01 00:27:39,UTC-05:00,2022-05-31 16:28:00,2022-05-31 17:00:00,32,Running,12.9,380.0,191,151,10,14,15,16,38,true,,,
2022-05-30 23:32:04,2022-06-01 00:27:39,UTC-05:00,2022-05-31 15:50:48,2022-05-31 16:27:58,37,Weightlifting,5.1,117.0,148,105,46,29,2,0,0,false,,,
2022-05-30 23:32:04,2022-06-01 00:27:39,UTC-05:00,2022-05-31 15:17:47,2022-05-31 15:50:31,32,Walking,5.9,169.0,148,118,40,56,3,0,0,false,,,
2022-05-30 23:32:04,2022-06-01 00:27:39,UTC-05:00,2022-05-31 09:55:49,2022-05-31 10:31:07,35,Meditation,,44.0,99,69,0,0,0,0,0,false,,,
2022-05-30 00:45:45,2022-05-30 23:32:04,UTC-05:00,2022-05-30 19:30:00,2022-05-30 21:10:00,100,Weightlifting,14.2,688.0,185,123,31,7,12,19,7,false,,,
2022-05-27 22:50:53,2022-05-29 02:33:57,UTC-05:00,2022-05-28 16:46:00,2022-05-28 17:40:00,54,HIIT,13.1,556.0,192,142,7,7,48,19,9,false,,,
2022-05-26 23:19:36,2022-05-27 22:50:53,UTC-05:00,2022-05-27 16:02:00,2022-05-27 16:42:34,40,Walking,7.1,252.0,157,124,11,51,25,0,0,true,1262.19,69.45,0.00
2022-05-26 23:19:36,2022-05-27 22:50:53,UTC-05:00,2022-05-27 11:20:00,2022-05-27 12:00:00,40,HIIT,6.4,201.0,154,112,8,29,26,0,0,false,,,
2022-05-26 00:25:28,2022-05-26 23:19:36,UTC-05:00,2022-05-26 09:17:28,2022-05-26 09:41:24,23,Running,5.5,124.0,161,120,30,46,16,0,0,true,2238.16,80.61,0.00
2022-05-24 23:51:02,2022-05-26 00:25:28,UTC-05:00,2022-05-25 22:10:44,2022-05-25 22:43:32,32,Gaelic Football,4.0,46.0,128,87,11,1,0,0,0,false,,,
2022-05-24 23:51:02,2022-05-26 00:25:28,UTC-05:00,2022-05-25 21:55:29,2022-05-25 22:10:10,14,Running,8.6,180.0,196,155,1,4,30,45,14,true,2671.72,17.08,10.29
2022-05-22 00:30:24,2022-05-23 00:22:33,UTC-05:00,2022-05-22 12:50:54,2022-05-22 14:17:10,86,Running,18.1,1239.0,184,166,2,2,8,83,4,true,12381.32,469.60,-4.50
2022-05-20 00:33:32,2022-05-21 01:18:29,UTC-05:00,2022-05-20 21:27:00,2022-05-20 22:20:00,53,Running,12.0,477.0,176,138,18,11,27,37,0,false,,,
2022-05-19 00:18:02,2022-05-20 00:33:32,UTC-05:00,2022-05-19 19:06:00,2022-05-19 20:05:00,59,Running,16.1,855.0,182,165,1,2,9,87,1,false,,,
2022-05-17 23:23:19,2022-05-19 00:18:02,UTC-05:00,2022-05-18 16:24:00,2022-05-18 17:36:00,72,Running,18.3,1120.0,191,173,0,0,3,59,36,false,,,
2022-05-17 01:20:37,2022-05-17 23:23:19,UTC-05:00,2022-05-17 20:34:00,2022-05-17 21:31:00,57,Walking,4.2,80.0,121,88,29,0,0,0,0,true,1788.20,73.45,0.00
2022-05-17 01:20:37,2022-05-17 23:23:19,UTC-05:00,2022-05-17 12:45:00,2022-05-17 13:02:00,17,Running,11.3,254.0,196,167,0,13,12,22,53,false,,,
2022-05-17 01:20:37,2022-05-17 23:23:19,UTC-05:00,2022-05-17 10:55:21,2022-05-17 12:41:15,105,Weightlifting,7.2,332.0,143,106,57,21,1,0,0,false,,,
2022-05-17 01:20:37,2022-05-17 23:23:19,UTC-05:00,2022-05-17 10:20:56,2022-05-17 10:55:08,34,Walking,5.4,129.0,163,111,65,25,3,0,0,true,2757.54,18.23,5.40
2022-05-16 00:47:00,2022-05-17 01:20:37,UTC-05:00,2022-05-16 10:20:00,2022-05-16 10:50:00,30,Manual Labor,5.8,147.0,159,104,3,26,23,0,0,false,,,
2022-05-15 00:12:20,2022-05-16 00:47:00,UTC-05:00,2022-05-15 21:38:42,2022-05-15 22:00:15,21,Weightlifting,4.3,41.0,121,99,62,0,0,0,0,false,,,
2022-05-15 00:12:20,2022-05-16 00:47:00,UTC-05:00,2022-05-15 21:02:15,2022-05-15 21:36:11,33,Walking,6.8,226.0,163,126,15,73,10,0,0,true,2988.72,5.00,-1.50
2022-05-15 00:12:20,2022-05-16 00:47:00,UTC-05:00,2022-05-15 19:06:00,2022-05-15 21:01:00,115,Weightlifting,10.6,622.0,161,119,33,46,14,0,0,false,,,
2022-05-15 00:12:20,2022-05-16 00:47:00,UTC-05:00,2022-05-15 18:32:20,2022-05-15 19:05:31,33,Walking,5.5,147.0,137,114,65,34,0,0,0,true,3030.49,207.07,4.42
2022-05-14 01:21:08,2022-05-15 00:12:20,UTC-05:00,2022-05-14 20:11:34,2022-05-14 20:31:23,19,Walking,4.5,56.0,132,106,68,13,0,0,0,true,1464.97,60.79,0.00
2022-05-14 01:21:08,2022-05-15 00:12:20,UTC-05:00,2022-05-14 09:33:42,2022-05-14 10:30:20,56,Walking,11.6,487.0,176,135,10,40,18,26,0,true,4046.86,199.36,2.84
2022-05-12 22:33:13,2022-05-14 01:21:08,UTC-05:00,2022-05-13 19:37:31,2022-05-13 20:34:10,56,Walking,10.0,421.0,161,129,29,23,46,0,0,true,3181.05,145.99,-5.30
2022-05-12 22:33:13,2022-05-14 01:21:08,UTC-05:00,2022-05-13 17:46:45,2022-05-13 19:37:14,110,Weightlifting,11.8,762.0,170,127,14,68,17,1,0,false,,,
2022-05-12 22:33:13,2022-05-14 01:21:08,UTC-05:00,2022-05-13 17:00:43,2022-05-13 17:46:34,45,Walking,9.2,380.0,162,134,7,38,53,0,0,true,3276.63,265.31,5.30
2022-05-12 00:52:00,2022-05-12 22:33:13,UTC-05:00,2022-05-12 10:05:34,2022-05-12 11:10:28,64,Walking,10.0,501.0,151,131,9,64,27,0,0,true,3796.38,297.55,-5.70
2022-05-12 00:52:00,2022-05-12 22:33:13,UTC-05:00,2022-05-12 08:01:08,2022-05-12 10:05:18,124,Weightlifting,8.2,432.0,147,104,39,26,3,0,0,false,,,
2022-05-12 00:52:00,2022-05-12 22:33:13,UTC-05:00,2022-05-12 07:25:18,2022-05-12 08:00:48,35,Walking,7.3,249.0,164,127,22,46,31,1,0,true,3138.47,236.85,5.30
2022-05-11 00:08:12,2022-05-12 00:52:00,UTC-05:00,2022-05-11 11:31:44,2022-05-11 11:43:29,11,Walking,5.6,97.0,176,131,3,51,40,6,0,true,462.05,2.22,-3.40
2022-05-11 00:08:12,2022-05-12 00:52:00,UTC-05:00,2022-05-11 10:59:08,2022-05-11 11:31:25,32,Running,15.9,522.0,202,174,1,0,2,20,73,true,5516.78,129.30,3.34
2022-05-09 00:42:41,2022-05-10 00:38:44,UTC-05:00,2022-05-09 22:11:40,2022-05-09 22:18:28,6,Functional Fitness,4.2,28.0,125,109,61,36,0,0,0,false,,,
2022-05-09 00:42:41,2022-05-10 00:38:44,UTC-05:00,2022-05-09 21:25:47,2022-05-09 22:11:17,45,Running,15.2,650.0,188,162,0,0,5,88,7,true,6242.06,262.74,0.00
2022-05-08 00:33:00,2022-05-09 00:42:41,UTC-05:00,2022-05-08 11:05:26,2022-05-08 11:40:20,34,Manual Labor,7.6,246.0,151,123,20,41,35,0,0,true,544.76,63.20,-10.36
2022-05-08 00:33:00,2022-05-09 00:42:41,UTC-05:00,2022-05-08 10:33:22,2022-05-08 11:05:06,31,Walking,8.8,305.0,158,137,0,20,80,0,0,true,3108.15,114.94,-5.50
2022-05-08 00:33:00,2022-05-09 00:42:41,UTC-05:00,2022-05-08 08:51:30,2022-05-08 10:33:08,101,Weightlifting,9.1,461.0,144,108,30,43,9,0,0,false,,,
2022-05-08 00:33:00,2022-05-09 00:42:41,UTC-05:00,2022-05-08 08:10:29,2022-05-08 08:51:14,40,Walking,6.3,192.0,143,112,44,47,4,0,0,true,3212.85,158.19,14.38
2022-05-06 01:20:18,2022-05-07 00:20:37,UTC-05:00,2022-05-06 19:23:22,2022-05-06 19:48:52,25,Walking,5.1,95.0,136,106,56,34,0,0,0,true,1490.79,74.58,0.00
2022-05-06 01:20:18,2022-05-07 00:20:37,UTC-05:00,2022-05-06 17:07:28,2022-05-06 17:18:20,10,Functional Fitness,4.3,33.0,136,102,56,20,0,0,0,false,,,
2022-05-06 01:20:18,2022-05-07 00:20:37,UTC-05:00,2022-05-06 16:35:03,2022-05-06 17:06:38,31,Running,15.1,511.0,181,171,0,0,2,32,66,true,4669.38,123.02,1.50
2022-05-05 01:07:05,2022-05-06 01:20:18,UTC-05:00,2022-05-05 21:27:04,2022-05-05 21:49:12,22,Walking,5.0,96.0,130,110,57,41,0,0,0,true,1556.07,33.75,0.10
2022-05-05 01:07:05,2022-05-06 01:20:18,UTC-05:00,2022-05-05 14:50:00,2022-05-05 15:20:00,30,Running,11.9,332.0,188,145,19,15,12,34,20,true,3064.43,89.13,-5.40
2022-05-05 01:07:05,2022-05-06 01:20:18,UTC-05:00,2022-05-05 12:45:07,2022-05-05 14:49:59,124,Weightlifting,10.2,589.0,165,111,31,52,5,0,0,false,,,
2022-05-05 01:07:05,2022-05-06 01:20:18,UTC-05:00,2022-05-05 12:09:01,2022-05-05 12:44:50,35,Walking,6.0,179.0,143,114,37,62,1,0,0,true,3290.32,161.37,17.48
2022-05-04 00:06:37,2022-05-05 01:07:05,UTC-05:00,2022-05-04 18:20:00,2022-05-04 19:00:00,40,Running,15.8,499.0,203,149,21,13,5,8,46,false,,,
2022-05-02 23:58:11,2022-05-04 00:06:37,UTC-05:00,2022-05-03 21:47:41,2022-05-03 22:20:12,32,Walking,6.8,222.0,159,124,4,87,8,0,0,true,3063.87,121.44,-21.79
2022-05-02 23:58:11,2022-05-04 00:06:37,UTC-05:00,2022-05-03 20:02:28,2022-05-03 21:47:28,104,Weightlifting,11.1,604.0,161,117,35,46,14,2,0,false,,,
2022-05-02 23:58:11,2022-05-04 00:06:37,UTC-05:00,2022-05-03 19:26:25,2022-05-03 20:02:12,35,Walking,6.4,210.0,138,119,14,86,0,0,0,true,3183.38,110.22,5.40
2022-05-02 23:58:11,2022-05-04 00:06:37,UTC-05:00,2022-05-03 09:54:00,2022-05-03 10:54:00,60,Manual Labor,9.6,328.0,175,99,7,13,17,13,0,false,,,
2022-04-30 23:54:52,2022-05-02 01:13:02,UTC-05:00,2022-05-01 09:58:40,2022-05-01 10:20:06,21,Running,13.4,341.0,186,169,0,5,10,18,67,true,2841.50,101.38,-5.50
2022-04-30 23:54:52,2022-05-02 01:13:02,UTC-05:00,2022-05-01 08:26:38,2022-05-01 09:56:55,90,Weightlifting,10.2,523.0,158,115,20,48,17,0,0,false,,,
2022-04-30 23:54:52,2022-05-02 01:13:02,UTC-05:00,2022-05-01 07:54:42,2022-05-01 08:22:44,28,Walking,5.9,163.0,148,116,28,64,8,0,0,true,,,
2022-04-29 23:17:36,2022-04-30 23:54:52,UTC-05:00,2022-04-30 19:54:22,2022-04-30 20:53:22,59,Running,8.8,386.0,155,119,11,63,18,0,0,false,,,
2022-04-29 23:17:36,2022-04-30 23:54:52,UTC-05:00,2022-04-30 17:28:00,2022-04-30 18:28:00,60,Manual Labor,4.7,109.0,127,91,39,2,0,0,0,false,,,
2022-04-29 23:17:36,2022-04-30 23:54:52,UTC-05:00,2022-04-30 11:00:00,2022-04-30 13:00:00,120,Manual Labor,10.4,486.0,166,99,20,10,15,3,0,false,,,
2022-04-29 00:49:49,2022-04-29 23:17:36,UTC-05:00,2022-04-29 20:30:00,2022-04-29 21:51:00,81,Functional Fitness,4.5,131.0,131,76,11,5,0,0,0,false,,,
2022-04-29 00:49:49,2022-04-29 23:17:36,UTC-05:00,2022-04-29 09:36:22,2022-04-29 10:06:27,30,Walking,9.5,302.0,162,138,1,9,65,20,0,true,3011.79,173.89,-16.29
2022-04-29 00:49:49,2022-04-29 23:17:36,UTC-05:00,2022-04-29 08:08:02,2022-04-29 09:36:08,88,Weightlifting,9.9,487.0,157,115,28,42,19,0,0,false,,,
2022-04-29 00:49:49,2022-04-29 23:17:36,UTC-05:00,2022-04-29 07:33:50,2022-04-29 08:05:19,31,Walking,5.5,136.0,139,110,61,39,0,0,0,true,3000.73,181.74,7.10
2022-04-28 01:25:45,2022-04-29 00:49:49,UTC-05:00,2022-04-28 20:00:00,2022-04-28 21:00:00,60,Functional Fitness,4.8,117.0,163,90,29,4,1,0,0,false,,,
2022-04-28 01:25:45,2022-04-29 00:49:49,UTC-05:00,2022-04-28 18:55:00,2022-04-28 19:42:00,47,Boxing,5.4,130.0,157,97,45,8,5,0,0,false,,,
2022-04-27 00:46:04,2022-04-28 01:25:45,UTC-05:00,2022-04-27 20:50:52,2022-04-27 22:08:01,77,Boxing,8.9,369.0,160,111,31,26,17,2,0,false,,,
2022-04-26 01:35:10,2022-04-27 00:46:04,UTC-05:00,2022-04-26 09:38:00,2022-04-26 12:45:00,187,Weightlifting,13.7,1082.0,159,117,26,51,16,0,0,true,7081.37,359.92,-1.80
2022-04-23 23:23:07,2022-04-25 02:17:06,UTC-05:00,2022-04-24 19:36:27,2022-04-24 20:11:45,35,Running,14.3,480.0,190,158,2,13,18,15,52,false,,,
2022-04-23 01:23:20,2022-04-23 23:23:07,UTC-05:00,2022-04-23 15:59:00,2022-04-23 17:09:00,70,Running,16.4,711.0,201,139,15,40,14,1,26,false,,,
2022-04-21 22:20:25,2022-04-23 01:23:20,UTC-05:00,2022-04-22 19:42:08,2022-04-22 20:10:58,28,Walking,4.7,77.0,124,98,54,10,0,0,0,true,1525.43,31.50,-7.54
2022-04-19 22:53:10,2022-04-20 23:33:01,UTC-05:00,2022-04-20 19:09:00,2022-04-20 19:44:00,35,Running,14.6,438.0,193,152,19,20,5,3,53,false,,,
2022-04-19 00:29:18,2022-04-19 22:53:10,UTC-05:00,2022-04-19 11:44:40,2022-04-19 12:55:39,70,Running,17.7,980.0,193,160,4,6,9,47,33,false,,,
2022-04-18 01:05:36,2022-04-19 00:29:18,UTC-05:00,2022-04-18 11:26:00,2022-04-18 11:51:00,25,Manual Labor,5.7,144.0,139,118,3,81,2,0,0,false,,,
2022-04-17 00:54:06,2022-04-18 01:05:36,UTC-05:00,2022-04-17 13:53:37,2022-04-17 14:20:16,26,Running,10.9,305.0,177,148,1,20,36,23,20,true,3000.72,125.01,-6.24
2022-04-17 00:54:06,2022-04-18 01:05:36,UTC-05:00,2022-04-17 13:07:55,2022-04-17 13:52:57,45,Weightlifting,7.9,305.0,160,125,11,70,18,1,0,false,,,
2022-04-17 00:54:06,2022-04-18 01:05:36,UTC-05:00,2022-04-17 12:41:07,2022-04-17 13:07:40,26,Running,9.6,242.0,177,136,18,30,10,33,6,true,3006.16,98.22,7.09
2022-04-16 01:19:39,2022-04-17 00:54:06,UTC-05:00,2022-04-16 21:21:00,2022-04-16 22:15:00,54,Running,16.9,711.0,194,157,12,9,4,20,53,false,,,
2022-04-14 22:45:25,2022-04-16 01:19:39,UTC-05:00,2022-04-15 17:31:41,2022-04-15 18:11:15,39,Boxing,7.9,218.0,166,117,35,3,26,12,0,false,,,
2022-04-13 00:08:40,2022-04-13 23:32:50,UTC-05:00,2022-04-13 20:00:45,2022-04-13 20:24:22,23,Walking,4.4,48.0,132,100,74,8,0,0,0,true,1537.48,29.06,-7.47
2022-04-12 00:14:42,2022-04-13 00:08:40,UTC-05:00,2022-04-12 09:31:28,2022-04-12 10:04:32,33,Walking,8.5,299.0,159,136,1,26,73,0,0,true,2995.53,160.40,-7.78
2022-04-12 00:14:42,2022-04-13 00:08:40,UTC-05:00,2022-04-12 08:31:43,2022-04-12 09:31:13,59,Weightlifting,11.3,523.0,165,134,3,37,55,5,0,false,,,
2022-04-12 00:14:42,2022-04-13 00:08:40,UTC-05:00,2022-04-12 08:09:48,2022-04-12 08:31:28,21,Running,8.7,214.0,181,140,5,29,42,11,13,true,2433.21,101.95,5.47
2022-04-10 00:11:05,2022-04-11 00:11:43,UTC-05:00,2022-04-10 10:53:14,2022-04-10 12:02:54,69,Running,19.8,1188.0,198,176,0,1,5,15,79,false,,,
2022-04-09 00:06:15,2022-04-10 00:11:05,UTC-05:00,2022-04-09 21:05:14,2022-04-09 21:38:32,33,Weightlifting,6.5,189.0,154,117,32,39,24,0,0,false,,,
2022-04-09 00:06:15,2022-04-10 00:11:05,UTC-05:00,2022-04-09 17:25:00,2022-04-09 18:56:00,91,Weightlifting,8.1,359.0,156,107,18,25,13,0,0,false,,,
2022-04-07 23:28:17,2022-04-09 00:06:15,UTC-05:00,2022-04-08 11:43:28,2022-04-08 12:12:39,29,Walking,9.3,306.0,157,142,0,7,91,2,0,true,2997.55,158.88,-14.31
2022-04-07 23:28:17,2022-04-09 00:06:15,UTC-05:00,2022-04-08 10:45:00,2022-04-08 11:43:00,58,Weightlifting,11.3,488.0,168,131,7,34,42,12,0,false,,,
2022-04-07 23:28:17,2022-04-09 00:06:15,UTC-05:00,2022-04-08 10:14:47,2022-04-08 10:44:57,30,Walking,7.3,224.0,156,126,14,46,38,2,0,true,3064.66,161.67,0.34
2022-04-06 22:54:29,2022-04-07 23:28:17,UTC-05:00,2022-04-07 14:05:00,2022-04-07 14:50:00,45,Running,13.1,351.0,193,126,32,16,3,2,26,false,,,
2022-04-06 00:17:56,2022-04-06 22:54:29,UTC-05:00,2022-04-06 20:11:37,2022-04-06 20:45:00,33,Walking,4.6,73.0,128,96,52,7,0,0,0,true,2924.69,39.15,9.23
2022-04-05 00:08:15,2022-04-06 00:17:56,UTC-05:00,2022-04-05 15:00:00,2022-04-05 15:47:00,47,Running,14.6,516.0,198,145,11,37,16,7,29,false,,,
2022-04-05 00:08:15,2022-04-06 00:17:56,UTC-05:00,2022-04-05 14:30:00,2022-04-05 15:00:00,30,Weightlifting,8.0,265.0,159,134,0,35,64,1,0,false,,,
2022-04-05 00:08:15,2022-04-06 00:17:56,UTC-05:00,2022-04-05 13:45:00,2022-04-05 14:30:00,45,Running,15.9,620.0,193,159,4,11,20,10,55,false,,,
2022-04-05 00:08:15,2022-04-06 00:17:56,UTC-05:00,2022-04-05 12:12:00,2022-04-05 12:32:00,20,Manual Labor,0.3,25.0,99,87,4,0,0,0,0,false,,,
2022-04-03 23:12:56,2022-04-05 00:08:15,UTC-05:00,2022-04-04 10:16:17,2022-04-04 10:35:37,19,Walking,4.9,79.0,147,110,53,36,6,0,0,true,1578.65,65.80,-0.80
2022-04-03 23:12:56,2022-04-05 00:08:15,UTC-05:00,2022-04-04 08:41:05,2022-04-04 09:04:44,23,Walking,5.3,112.0,136,113,28,63,0,0,0,true,1954.12,7.00,5.90
2022-04-03 02:25:59,2022-04-03 23:12:56,UTC-05:00,2022-04-03 20:51:00,2022-04-03 21:39:00,48,Weightlifting,7.1,203.0,166,109,24,10,15,8,0,false,,,
2022-04-03 02:25:59,2022-04-03 23:12:56,UTC-05:00,2022-04-03 16:26:00,2022-04-03 17:00:00,34,Walking,7.8,257.0,152,128,20,26,53,0,0,true,1508.19,17.88,-6.87
2022-04-03 02:25:59,2022-04-03 23:12:56,UTC-05:00,2022-04-03 14:56:00,2022-04-03 15:43:00,47,Walking,10.0,405.0,161,133,9,21,69,1,0,false,,,
2022-04-03 02:25:59,2022-04-03 23:12:56,UTC-05:00,2022-04-03 13:40:00,2022-04-03 14:55:00,75,Weightlifting,13.3,731.0,166,139,2,22,64,12,0,false,,,
2022-04-03 02:25:59,2022-04-03 23:12:56,UTC-05:00,2022-04-03 12:35:00,2022-04-03 13:40:00,65,Walking,7.5,295.0,149,108,20,30,14,0,0,false,,,
2022-04-02 03:10:29,2022-04-03 02:25:59,UTC-05:00,2022-04-03 01:30:46,2022-04-03 01:58:04,27,Running,11.4,339.0,175,153,0,5,27,67,0,true,3262.60,131.32,-10.77
2022-04-02 03:10:29,2022-04-03 02:25:59,UTC-05:00,2022-04-03 01:00:36,2022-04-03 01:25:30,24,Running,13.1,374.0,179,165,0,0,3,82,15,true,3352.94,90.17,11.04
2022-04-01 01:07:00,2022-04-02 03:10:29,UTC-05:00,2022-04-01 15:00:00,2022-04-01 16:02:00,62,Running,18.1,872.0,195,159,2,22,12,7,56,false,,,
2022-04-01 01:07:00,2022-04-02 03:10:29,UTC-05:00,2022-04-01 13:13:00,2022-04-01 13:59:00,46,Manual Labor,,57.0,98,83,0,0,0,0,0,false,,,
2022-03-31 00:35:57,2022-04-01 01:07:00,UTC-05:00,2022-03-31 12:49:19,2022-03-31 12:56:04,6,Running,10.7,135.0,197,191,0,0,0,6,94,true,,,
2022-03-31 00:35:57,2022-04-01 01:07:00,UTC-05:00,2022-03-31 12:40:00,2022-03-31 12:48:00,8,Running,8.5,120.0,184,165,3,3,6,27,60,true,,,
2022-03-31 00:35:57,2022-04-01 01:07:00,UTC-05:00,2022-03-31 11:48:00,2022-03-31 12:38:00,50,Manual Labor,6.7,240.0,136,111,25,55,0,0,0,false,,,
2022-03-30 00:22:35,2022-03-31 00:35:57,UTC-05:00,2022-03-30 11:05:00,2022-03-30 13:15:00,130,Manual Labor,6.7,333.0,151,86,14,19,2,0,0,false,,,
2022-03-28 23:57:32,2022-03-30 00:22:35,UTC-05:00,2022-03-29 21:56:09,2022-03-29 22:15:42,19,Functional Fitness,5.8,128.0,158,122,18,55,22,1,0,false,,,
2022-03-28 23:57:32,2022-03-30 00:22:35,UTC-05:00,2022-03-29 20:57:44,2022-03-29 21:37:00,39,Functional Fitness,7.8,285.0,157,126,9,62,27,0,0,false,,,
2022-03-28 23:57:32,2022-03-30 00:22:35,UTC-05:00,2022-03-29 17:36:00,2022-03-29 18:41:00,65,Weightlifting,9.8,463.0,153,125,11,66,23,0,0,false,,,
2022-03-28 23:57:32,2022-03-30 00:22:35,UTC-05:00,2022-03-29 13:58:00,2022-03-29 14:24:00,26,Manual Labor,4.1,40.0,119,87,17,1,0,0,0,false,,,
2022-03-28 23:57:32,2022-03-30 00:22:35,UTC-05:00,2022-03-29 10:58:00,2022-03-29 11:43:00,45,Boxing,10.8,321.0,177,124,39,15,4,30,1,false,,,
2022-03-28 00:03:28,2022-03-28 23:57:32,UTC-05:00,2022-03-28 21:26:00,2022-03-28 22:13:00,47,Running,13.9,529.0,191,146,5,40,12,13,30,false,,,
2022-03-28 00:03:28,2022-03-28 23:57:32,UTC-05:00,2022-03-28 20:56:00,2022-03-28 21:21:00,25,Weightlifting,5.5,118.0,147,113,43,35,15,0,0,false,,,
2022-03-28 00:03:28,2022-03-28 23:57:32,UTC-05:00,2022-03-28 10:43:00,2022-03-28 11:16:00,33,Weightlifting,9.6,328.0,161,139,1,23,63,13,0,false,,,
2022-03-28 00:03:28,2022-03-28 23:57:32,UTC-05:00,2022-03-28 09:26:00,2022-03-28 10:26:00,60,Running,16.1,616.0,198,139,16,18,3,9,38,false,,,
2022-03-26 23:42:54,2022-03-28 00:03:28,UTC-05:00,2022-03-27 11:50:00,2022-03-27 12:50:00,60,Manual Labor,5.1,146.0,129,92,29,17,0,0,0,false,,,
2022-03-26 00:46:24,2022-03-26 23:42:54,UTC-05:00,2022-03-26 17:07:00,2022-03-26 18:38:00,91,Functional Fitness,12.8,715.0,169,128,9,53,25,12,0,false,,,
2022-03-26 00:46:24,2022-03-26 23:42:54,UTC-05:00,2022-03-26 16:35:53,2022-03-26 16:57:23,21,Skiing,4.7,69.0,130,104,80,17,0,0,0,false,,,
2022-03-26 00:46:24,2022-03-26 23:42:54,UTC-05:00,2022-03-26 13:15:00,2022-03-26 13:53:00,38,Manual Labor,4.6,77.0,122,89,44,2,0,0,0,false,,,
2022-03-26 00:46:24,2022-03-26 23:42:54,UTC-05:00,2022-03-26 10:58:00,2022-03-26 11:16:00,18,Skiing,5.0,85.0,134,111,40,54,0,0,0,false,,,
2022-03-25 01:07:00,2022-03-26 00:46:24,UTC-05:00,2022-03-25 18:38:50,2022-03-25 18:52:42,13,Rowing,4.2,33.0,119,101,72,6,0,0,0,false,,,
2022-03-25 01:07:00,2022-03-26 00:46:24,UTC-05:00,2022-03-25 11:10:00,2022-03-25 12:32:00,82,Running,18.0,888.0,206,145,26,22,6,4,40,false,,,
2022-03-24 00:00:00,2022-03-25 01:07:00,UTC-05:00,2022-03-24 22:05:00,2022-03-24 22:30:00,25,Walking,4.6,61.0,128,98,67,9,0,0,0,false,,,
2022-03-24 00:00:00,2022-03-25 01:07:00,UTC-05:00,2022-03-24 19:52:00,2022-03-24 20:21:00,29,Boxing,11.4,321.0,187,145,4,22,36,19,17,false,,,
2022-03-24 00:00:00,2022-03-25 01:07:00,UTC-05:00,2022-03-24 16:05:00,2022-03-24 17:00:00,55,Weightlifting,8.7,293.0,168,114,35,16,20,8,0,false,,,
