sha,author,timestamp,message,added,deleted,py_files_changed_count,total_cc,avg_mi,ruff_errors,commit_date,timestamp_dt,net_loc
47dbda07bad078889fa722135cff1f6429cedecd,openhands,2025-05-11 14:58:15 -0500,data update,261592,0,0,0,0.0,0,2025-05-11,2025-05-11 19:58:15+00:00,261592
15a6485d9f5501904f5d8dc01918dc3a889edca9,openhands,2025-05-14 14:04:56 -0500,feat: add week20 training data with GPS traces and performance metrics,77365,0,0,0,0.0,0,2025-05-14,2025-05-14 19:04:56+00:00,77365
609c2670be2d90f3fc9351cf26c326892058f2a7,openhands,2025-05-05 17:36:04 -0500,Add new run data files and update pace/HR zone metrics for base training,51773,1297,0,0,0.0,0,2025-05-05,2025-05-05 22:36:04+00:00,50476
5e8da4aa815c4f72b70d24dd4f11423bff2f23c5,openhands,2025-04-30 20:46:11 -0500,data update,37573,0,0,0,0.0,0,2025-05-01,2025-05-01 01:46:11+00:00,37573
00f05c1e3a38b568b4de132a02a8cab1e9f73b2e,openhands,2025-04-29 23:10:32 -0500,data update,30061,0,0,0,0.0,0,2025-04-30,2025-04-30 04:10:32+00:00,30061
308bf12b4c99376f507a36987f071e1408eb8d34,openhands,2025-04-27 11:55:59 -0500,new run data,27422,0,0,0,0.0,0,2025-04-27,2025-04-27 16:55:59+00:00,27422
1135a096c786fab5978179add1f24668d9301e1f,openhands,2025-05-01 16:17:48 -0500,data update,27369,0,0,0,0.0,0,2025-05-01,2025-05-01 21:17:48+00:00,27369
1cf9e5d48cd8d458f490bbd5fd041a8534dc6e12,openhands,2025-05-16 20:00:40 -0500,refactor: reorganize week20 output files and update run analysis data,26214,1,0,0,0.0,0,2025-05-17,2025-05-17 01:00:40+00:00,26213
a39538bf673748f3048dc10fbd8fceb041dd0c0a,openhands,2025-04-27 12:29:22 -0500,updated files,24510,2742,0,0,0.0,0,2025-04-27,2025-04-27 17:29:22+00:00,21768
55c52689bd9726a1088c450fdd37eb13acceeaa6,openhands,2025-05-12 00:19:16 -0500,✨ feat(pdfjs): add initial pdf viewer implementation,14640,0,0,0,0.0,0,2025-05-12,2025-05-12 05:19:16+00:00,14640
03c43591515312cba158403b468a16c8c94802b1,openhands,2025-05-01 20:13:50 -0500,data update,17807,9980,0,0,0.0,0,2025-05-02,2025-05-02 01:13:50+00:00,7827
613c132fb70e124daa96f89e53c7598ee7ee4f31,openhands,2025-05-13 17:43:18 -0500,✨ feat(reader_app): initialize reader_app with Babel and Jest,6930,2,0,0,0.0,0,2025-05-13,2025-05-13 22:43:18+00:00,6928
0c25807a5751b8cfb54861dd84441e39328ced9c,openhands,2025-04-27 11:55:37 -0500,new running data,5484,0,0,0,0.0,0,2025-04-27,2025-04-27 16:55:37+00:00,5484
22ca3898f521c3074eaab4d31feff79466b80dc6,openhands,2025-05-12 00:41:22 -0500,feat: add PDF.js viewer with source maps and configuration files,5025,0,0,0,0.0,0,2025-05-12,2025-05-12 05:41:22+00:00,5025
